#,codigo_circuito,nombre_circuito,codigo_distrito
1,0,MAR TERRITORIAL,0
2,000C01,EL PIEDRERO,90D01
3,01D01C01,CAÑARIBAMBA,01D01
4,01D01C02,SAN BLAS,01D01
5,01D01C03,BELLAVISTA,01D01
6,01D01C04,VERDE LOMA,01D01
7,01D01C05,EL VECINO,01D01
8,01D01C06,BARRIAL BLANCO,01D01
9,01D01C07,EL SAGRARIO,01D01
10,01D01C08,HERMANO MIGUEL,01D01
11,01D01C09,MACHANGARA,01D01
12,01D01C10,QUINTA CHICA,01D01
13,01D01C11,TERMINAL TERRESTRE,01D01
14,01D01C12,TOTORACOCHA,01D01
15,01D01C13,GIL RAMIREZ DAVALOS,01D01
16,01D01C14,SAYAUSI,01D01
17,01D01C15,SAN JOAQUIN,01D01
18,01D01C16,PACCHA Y NULTI,01D01
19,01D01C17,RICAURTE,01D01
20,01D01C18,CHECA,01D01
21,01D01C19,OCTAVIO CORDERO,01D01
22,01D01C20,SININCAY,01D01
23,01D02C01,YANUNCAY,01D02
24,01D02C02,EL SALADO,01D02
25,01D02C03,NARANCAY,01D02
26,01D02C04,SUCRE,01D02
27,01D02C05,MONAY,01D02
28,01D02C06,HUAYNA CAPAC,01D02
29,01D02C07,EL BATAN,01D02
30,01D02C08,SAN SEBASTIAN,01D02
31,01D02C09,CAYAMBE,01D02
32,01D02C10,MOLLETURO,01D02
33,01D02C12,BAÑOS,01D02
34,01D02C13,TARQUI,01D02
35,01D02C14,TURI,01D02
36,01D02C15,CUMBE,01D02
37,01D02C16,QUINGEO,01D02
38,01D02C17,SANTA ANA,01D02
39,01D02C18,EL VALLE,01D02
40,01D02C19,COCHAPAMBA,01D02
41,01D03C01,GIRON,01D03
42,01D03C02,SAN RAFAEL SHARUG,01D03
43,01D03C03,PUCARA,01D03
44,01D03C04,CERRO NEGRO,01D03
45,01D03C05,SAN FERNANDO,01D03
46,01D03C06,LA UNION,01D03
47,01D04C01,SAN JUAN,01D04
48,01D04C02,JADAN,01D04
49,01D04C03,ZHIMAD,01D04
50,01D04C04,GUALACEO,01D04
51,01D04C05,GUALACEO SUR,01D04
52,01D04C06,REMIGIO CRESPO,01D04
53,01D04C07,CHORDELEG,01D04
54,01D05C01,NABON,01D05
55,01D05C02,LAS NIEVES,01D05
56,01D05C03,OÑA,01D05
57,01D06C01,DUG DUG,01D06
58,01D06C02,PAUTE,01D06
59,01D06C03,EL PAN,01D06
60,01D06C04,AMALUZA,01D06
61,01D06C05,SEVILLA DE ORO,01D06
62,01D06C06,GUACHAPALA,01D06
63,01D07C01,SHUMIRAL,01D07
64,01D07C02,CAMILO PONCE ENRIQUEZ,01D07
65,01D07C03,CARMEN DE PIJILI,01D07
66,01D08C01,SIG SIG,01D08
67,01D08C02,JIMA,01D08
68,01D08C03,LUDO,01D08
69,02D01C01,GUARANDA SUR,02D01
70,02D01C02,15 DE MAYO,02D01
71,02D01C03,GUANUJO,02D01
72,02D01C04,1 DE MAYO,02D01
73,02D01C05,QUINDIGUA BAJO,02D01
74,02D01C06,PALMA LOMA,02D01
75,02D01C07,SIMIATUG,02D01
76,02D01C08,FACUNDO VELA,02D01
77,02D01C09,SALINAS,02D01
78,02D01C10,SAN LUIS,02D01
79,02D01C11,SAN LORENZO,02D01
80,02D02C01,SAN JOSE DEL TAMBO,02D02
81,02D02C02,CHILLANES,02D02
82,02D03C01,TELIMBELA,02D03
83,02D03C02,MAGDALENA,02D03
84,02D03C03,CHIMBO,02D03
85,02D03C04,SAN MIGUEL,02D03
86,02D03C05,SAN PABLO,02D03
87,02D03C06,SANTIAGO,02D03
88,02D03C07,BALSAPAMBA,02D03
89,02D04C01,ECHEANDIA,02D04
90,02D04C02,CALUMA,02D04
91,02D04C03,LAS NAVES,02D04
92,03D01C01,AZOGUES ORIENTE,03D01
93,03D01C02,AZOGUES NORTE,03D01
94,03D01C03,UCHUPUCUM,03D01
95,03D01C04,AZOGUES SUR,03D01
96,03D01C05,GUAPAN,03D01
97,03D01C06,AZOGUES OESTE,03D01
98,03D01C07,SAN MIGUEL,03D01
99,03D01C08,LUIS CORDERO,03D01
100,03D01C09,BIBLIAN,03D01
101,03D01C10,JERUSALEN,03D01
102,03D01C11,NAZON,03D01
103,03D01C12,DELEG,03D01
104,03D02C01,CAÑAR,03D02
105,03D02C02,CAÑAR OCCIDENTE,03D02
106,03D02C03,GUALLETURO,03D02
107,03D02C04,INGAPIRCA,03D02
108,03D02C05,ZHUD,03D02
109,03D02C06,EL TAMBO,03D02
110,03D02C07,SUSCAL,03D02
111,03D03C01,TRONCAL NORTE,03D03
112,03D03C02,TRONCAL CENTRO,03D03
113,03D03C03,TRONCAL OESTE,03D03
114,04D01C01,SAN PEDRO DE HUACA,04D01
115,04D01C02,OLIMPICO,04D01
116,04D01C03,COMUNEROS,04D01
117,04D01C04,ISIDRO AYORA,04D01
118,04D01C05,EL PORTAL,04D01
119,04D01C06,PARQUE DEL 8,04D01
120,04D01C07,EL MAESTRO,04D01
121,04D01C08,KENNEDY,04D01
122,04D01C09,SANTA MARTHA DE CUBA,04D01
123,04D01C10,JULIO ANDRADE,04D01
124,04D01C11,TUFIÑO,04D01
125,04D01C12,CHICAL,04D01
126,04D01C13,URBINA,04D01
127,04D02C01,BOLIVAR,04D02
128,04D02C02,SAN RAFAEL,04D02
129,04D02C03,GARCIA MORENO,04D02
130,04D02C04,SAN GABRIEL NORTE,04D02
131,04D02C05,SAN GARBRIEL SUR,04D02
132,04D02C06,CRISTOBAL COLON,04D02
133,04D02C07,LA PAZ,04D02
134,04D03C01,EL ANGEL,04D03
135,04D03C02,EL GOALTAL,04D03
136,04D03C03,LA CONCEPCION,04D03
137,04D03C04,MIRA,04D03
138,05D01C01,TOACAZO,05D01
139,05D01C02,MULALO,05D01
140,05D01C03,LASSO,05D01
141,05D01C04,JOSEGUANGO,05D01
142,05D01C05,POALO,05D01
143,05D01C06,SAN JOSE,05D01
144,05D01C07,ELOY ALFARO,05D01
145,05D01C08,BETHLEMITAS,05D01
146,05D01C09,SAN CARLOS,05D01
147,05D01C10,SAN MARTIN,05D01
148,05D01C11,LA COCHA,05D01
149,05D01C12,LA CALERA,05D01
150,05D01C13,CHOFER,05D01
151,05D01C14,TERMINAL TERRESTRE,05D01
152,05D01C15,NUEVA VIDA,05D01
153,05D01C16,BELISARIO QUEVEDO,05D01
154,05D01C17,PASTO CALLE,05D01
155,05D01C18,GUAYTACAMA,05D01
156,05D02C01,GUASAGANDA,05D02
157,05D02C02,LA MANA NORTE,05D02
158,05D02C03,LA MANA SUR,05D02
159,05D03C01,MORASPUNGO,05D03
160,05D03C02,PILLONPATA,05D03
161,05D03C03,EL CORAZON,05D03
162,05D04C01,SAQUISILI,05D04
163,05D04C02,CANCHAGUA,05D04
164,05D04C03,LA ESPERANZA,05D04
165,05D04C04,ANGAMARCA,05D04
166,05D04C05,PILALO,05D04
167,05D04C06,ZUMBAGUA,05D04
168,05D04C07,GUANGAJE,05D04
169,05D04C08,ALPAMALA,05D04
170,05D04C09,PUJILI,05D04
171,05D04C10,LA MERCED,05D04
172,05D04C11,LA VICTORIA,05D04
173,05D05C01,SIGCHOS,05D05
174,05D05C02,LAS PAMPAS,05D05
175,05D05C03,CHUGCHILLAN,05D05
176,05D05C04,ISINLIVI,05D05
177,05D06C01,CUSUBAMBA,05D06
178,05D06C02,SALCEDO,05D06
179,05D06C03,MULALILLO,05D06
180,05D06C04,SANTA ANA,05D06
181,06D01C01,YARUQUIES,06D01
182,06D01C02,POLITECNICA,06D01
183,06D01C03,SHOPPING,06D01
184,06D01C04,CAMILO PONCE,06D01
185,06D01C05,CAMINOS AL SOL,06D01
186,06D01C06,LA ESTACION,06D01
187,06D01C07,SAN ALFONSO,06D01
188,06D01C08,PUCARA,06D01
189,06D01C09,LA PAZ,06D01
190,06D01C10,TERMINAL TERRESTRE,06D01
191,06D01C11,LA CONDAMINE,06D01
192,06D01C12,LA PRIMAVERA,06D01
193,06D01C13,SANTA CRUZ,06D01
194,06D01C14,CALPI,06D01
195,06D01C15,24 DE MAYO,06D01
196,06D01C16,QUIMIAG,06D01
197,06D01C17,LICTO,06D01
198,06D01C18,PUNIN,06D01
199,06D01C19,SAN LUIS,06D01
200,06D01C20,CHAMBO,06D01
201,06D02C01,HUIGRA,06D02
202,06D02C02,ALAUSI,06D02
203,06D02C03,GUASUNTOS,06D02
204,06D02C04,TIXAN,06D02
205,06D02C05,ACHUPALLAS,06D02
206,06D02C06,CHUNCHI,06D02
207,06D02C07,JOYAGSHI,06D02
208,06D03C01,CUMANDA,06D03
209,06D03C02,PALLATANGA,06D03
210,06D04C01,CAJABAMBA,06D04
211,06D04C02,LIRIO,06D04
212,06D04C03,COLUMBE,06D04
213,06D04C04,PANGOR,06D04
214,06D04C05,SANTIAGO DE QUITO,06D04
215,06D04C06,GUAMOTE,06D04
216,06D04C07,COCHAPAMBA,06D04
217,06D04C08,TIO CAJAS,06D04
218,06D04C09,PALMIRA,06D04
219,06D04C10,CEBADAS,06D04
220,06D05C01,SAN ANDRES,06D05
221,06D05C02,GUANO,06D05
222,06D05C03,SANTA FE DE GALAN,06D05
223,06D05C04,PENIPE,06D05
224,07D01C01,CHILLA,07D01
225,07D01C02,LA IBERIA,07D01
226,07D01C03,PRIVILEGIO,07D01
227,07D01C04,BAJO ALTO,07D01
228,07D01C05,BARBONES,07D01
229,07D01C06,RIO BONITO,07D01
230,07D01C07,BUENA VISTA,07D01
231,07D01C08,VELASCO IBARRA,07D01
232,07D01C09,LAS PRADERAS,07D01
233,07D01C10,OCHOA LEON,07D01
234,07D01C11,BANANERA SUR,07D01
235,07D01C12,BANANERA NORTE,07D01
236,07D01C13,PROGRESO,07D01
237,07D01C14,CASACAY,07D01
238,07D01C15,UZCURRUMI,07D01
239,07D02C01,9 DE MAYO,07D02
240,07D02C02,NUEVO PILO,07D02
241,07D02C03,LA CUATRO MIL,07D02
242,07D02C04,RAYITO DE LUZ,07D02
243,07D02C05,MACHALA OCCIDENTAL,07D02
244,07D02C06,GRAL SERRANO,07D02
245,07D02C07,27 DE FEBRERO,07D02
246,07D02C08,19 DE NOVIEMBRE,07D02
247,07D02C09,JAMBELI CENTRO,07D02
248,07D02C10,LA PROVIDENCIA,07D02
249,07D02C11,ROCAFUERTE,07D02
250,07D02C12,EL CAMBIO,07D02
251,07D02C13,PAEZ,07D02
252,07D02C14,LAS KATYAS,07D02
253,07D02C15,LA FERROVIARIA,07D02
254,07D02C16,CRISTO DEL CONSUELO,07D02
255,07D02C17,PUERTO BOLIVAR,07D02
256,07D02C18,WILSON FRANCO,07D02
257,07D02C19,SIMON BOLIVAR,07D02
258,07D02C20,PARQUE LINEAL,07D02
259,07D02C21,EL RETIRO,07D02
260,07D03C01,PACHA,07D03
261,07D03C02,CERRO AZUL,07D03
262,07D03C03,MORALES,07D03
263,07D03C04,SALATI,07D03
264,07D03C05,PORTOVELO,07D03
265,07D03C06,GUANAZAN,07D03
266,07D03C07,GUIZHAGUIÑA,07D03
267,07D03C08,ZARUMA,07D03
268,07D03C09,ARCAPAMBA,07D03
269,07D04C01,BALSAS,07D04
270,07D04C02,MARCABELI,07D04
271,07D04C03,MOROMORO,07D04
272,07D04C04,SAN ROQUE,07D04
273,07D04C05,SARACAY,07D04
274,07D04C06,CAPIRO,07D04
275,07D05C01,LA LIBERTAD,07D05
276,07D05C02,ARENILLAS,07D05
277,07D05C03,PALMALES,07D05
278,07D05C04,GUABILLO,07D05
279,07D05C05,UNION LOJANA,07D05
280,07D05C06,HUALTACO,07D05
281,07D05C07,MILTON REYES,07D05
282,07D05C08,LA VICTORIA,07D05
283,07D06C01,TORATA,07D06
284,07D06C02,BELLA MARIA,07D06
285,07D06C03,VEGA RIVERA,07D06
286,07D06C04,SANTA ROSA ESTE,07D06
287,07D06C05,SANTA ROSA OESTE,07D06
288,07D06C06,LAS PALMERAS,07D06
289,07D06C07,JAMBELI,07D06
290,08D01C01,CODESA,08D01
291,08D01C02,LAS PALMAS,08D01
292,08D01C03,AIRE LIBRE,08D01
293,08D01C04,LA TOLITA,08D01
294,08D01C05,EL ARENAL,08D01
295,08D01C06,BELLAVISTA NORTE,08D01
296,08D01C07,COLECTIVA,08D01
297,08D01C08,VALLE HERMOSO,08D01
298,08D01C09,CORDERO CRESPO,08D01
299,08D01C10,ESMERALDAS LIBRE,08D01
300,08D01C11,GUACHARACA,08D01
301,08D01C12,SANTA MARTHA,08D01
302,08D01C13,CENTRO,08D01
303,08D01C14,SANTA VAINAS,08D01
304,08D01C15,PROPICIA,08D01
305,08D01C16,VUELTA LARGA NORTE,08D01
306,08D01C17,PUMPULA,08D01
307,08D01C18,VUELTA LARGA SUR,08D01
308,08D01C19,TABIAZO,08D01
309,08D01C20,CAMARONES,08D01
310,08D01C21,SAN MATEO,08D01
311,08D02C01,LIMONES,08D02
312,08D02C02,ANCHAYACU,08D02
313,08D02C03,BORBON,08D02
314,08D02C04,SELVA ALEGRE,08D02
315,08D03C01,GALERAS,08D03
316,08D03C02,MUISNE,08D03
317,08D03C03,CHAMANGA,08D03
318,08D03C04,MOMPICHE,08D03
319,08D03C05,ATACAMES,08D03
320,08D03C06,TONSUPA,08D03
321,08D03C07,LA UNION DE ATACAMES,08D03
322,08D03C08,TONCHIGUE,08D03
323,08D04C01,CUPA,08D04
324,08D04C02,ROSA ZARATE,08D04
325,08D04C03,QUININDE,08D04
326,08D04C04,LA SEXTA,08D04
327,08D04C05,PUEBLO NUEVO,08D04
328,08D04C06,BOCANA DE BUA,08D04
329,08D04C07,LA INDEPENDENCIA,08D04
330,08D04C08,LA UNION,08D04
331,08D04C09,VICHE,08D04
332,08D04C10,CUBE,08D04
333,08D04C11,MALIMPIA,08D04
334,08D05C01,FRONTERA,08D05
335,08D05C02,URBINA,08D05
336,08D05C03,TAMBILLO,08D05
337,08D05C04,CARONDELET,08D05
338,08D06C01,PALESTINA,08D06
339,08D06C02,MONTALVO,08D06
340,09D01C01,GUASMO,09D01
341,09D01C02,UNION DE BANANEROS,09D01
342,09D01C03,FLORESTA,09D01
343,09D01C04,7 LAGOS,09D01
344,09D01C05,CENTENARIO,09D01
345,09D01C06,PUNA,09D01
346,09D02C01,ESTEROS,09D02
347,09D02C02,MALVINAS SUR,09D02
348,09D02C03,MALVINAS NORTE,09D02
349,09D02C04,TRINITARIA NORTE,09D02
350,09D02C05,TRINITARIA SUR,09D02
351,09D03C01,CHILE,09D03
352,09D03C02,VICTORIA,09D03
353,09D03C03,9 DE OCTUBRE,09D03
354,09D03C04,GARAY,09D03
355,09D03C05,VENEZUELA,09D03
356,09D03C06,ANTEPARA,09D03
357,09D03C07,CRISTO DEL CONSUELO,09D03
358,09D04C01,CISNE,09D04
359,09D04C02,CHALA,09D04
360,09D04C03,SALINAS,09D04
361,09D04C04,PORTETE,09D04
362,09D04C05,BATALLON DEL SUBURBIO,09D04
363,09D04C06,SUBURBIO,09D04
364,09D05C01,ATARAZANA,09D05
365,09D05C02,SAUCES,09D05
366,09D05C03,GUAYACANES,09D05
367,09D05C04,ALBORADA,09D05
368,09D05C05,URDESA,09D05
369,09D05C06,KENNEDY,09D05
370,09D05C07,TENGUEL,09D05
371,09D06C01,BELLAVISTA,09D06
372,09D06C02,MARTHA DE ROLDOS,09D06
373,09D06C03,SAMANES,09D06
374,09D06C04,JUAN MONTALVO,09D06
375,09D06C05,FLORIDA,09D06
376,09D06C06,MAPASINGUE,09D06
377,09D07C01,MONTE BELLO,09D07
378,09D07C02,BASTION POPULAR SUR,09D07
379,09D07C03,BASTION POPULAR NORTE,09D07
380,09D07C04,MUCHO LOTE,09D07
381,09D07C05,ORQUIDEAS,09D07
382,09D07C06,PASCUALES,09D07
383,09D07C07,SAN FRANCISCO,09D07
384,09D07C08,PUENTE LUCIA,09D07
385,09D08C01,NUEVA PROSPERINA,09D08
386,09D08C02,FORTIN,09D08
387,09D08C03,PARAISO LA FLOR,09D08
388,09D08C04,FLOR DE BASTION,09D08
389,09D08C05,MONTE SINAI,09D08
390,09D08C06,NUEVO GUAYAQUIL,09D08
391,09D09C01,LOS CEIBOS,09D09
392,09D09C02,PUERTO HONDO,09D09
393,09D09C03,CHONGON,09D09
394,09D10C01,MORRO,09D10
395,09D10C02,POSORJA,09D10
396,09D10C03,PROGRESO,09D10
397,09D11C01,JUJAN ESTE,09D11
398,09D11C02,JUJAN OESTE,09D11
399,09D11C03,SIMON BOLIVAR,09D11
400,09D11C04,LORENZO DE GARAICOA,09D11
401,09D12C01,SAN CARLOS,09D12
402,09D12C02,BALAO,09D12
403,09D12C03,NARANJAL CENTRO,09D12
404,09D12C04,NARANJAL SUR,09D12
405,09D12C05,JAIME ROLDOS,09D12
406,09D12C06,TAURA,09D12
407,09D12C07,PUERTO INCA,09D12
408,09D12C08,VILLA NUEVA,09D12
409,09D13C01,BALZAR OESTE,09D13
410,09D13C02,LA GUAYAQUIL,09D13
411,09D13C03,ROSA PAREDES,09D13
412,09D13C04,BALZAR CENTRO,09D13
413,09D13C05,BALZAR SUR,09D13
414,09D13C06,COLIMES,09D13
415,09D13C07,COLIMES RURAL,09D13
416,09D13C08,SAN JACINTO,09D13
417,09D13C09,PALESTINA,09D13
418,09D13C10,PALESTINA RURAL,09D13
419,09D14C01,PEDRO CARBO,09D14
420,09D14C02,ESTACADA,09D14
421,09D14C03,SABANILLA,09D14
422,09D14C04,VALLE DE LA VIRGEN,09D14
423,09D14C05,LOMAS DE SARGENTILLO,09D14
424,09D14C06,ISIDRO AYORA,09D14
425,09D15C01,EL ROSARIO,09D15
426,09D15C02,PUERTO DEL MONO,09D15
427,09D15C03,CARLOS JULIO AROSEMENA,09D15
428,09D15C04,EMPALME SUROESTE,09D15
429,09D15C05,EMPALME SURESTE,09D15
430,09D15C06,EMPALME CENTRO,09D15
431,09D16C01,EL TRIUNFO ESTE,09D16
432,09D16C02,EL TRIUNFO OESTE,09D16
433,09D16C03,EL TRIUNFO CENTRO,09D16
434,09D16C04,BUCAY,09D16
435,09D17C01,BELLAVISTA,09D17
436,09D17C02,UNIVERSITARIO,09D17
437,09D17C03,LAS PILAS,09D17
438,09D17C04,MAR NEGRO,09D17
439,09D17C05,CENTRO,09D17
440,09D17C06,VALDEZ,09D17
441,09D17C07,VISALTUR,09D17
442,09D17C08,APOLO,09D17
443,09D17C09,ALMEIDA,09D17
444,09D17C10,SAN MIGUEL,09D17
445,09D17C11,SAN PEDRO,09D17
446,09D17C12,LAS PIÑAS,09D17
447,09D17C13,CHOBO,09D17
448,09D17C14,MARISCAL SUCRE,09D17
449,09D17C15,ROBERTO ASTUDILLO,09D17
450,09D18C01,NARANJITO ESTE,09D18
451,09D18C02,NARANJITO SUR,09D18
452,09D18C03,NARANJITO CENTRO,09D18
453,09D18C04,MARCELINO MARIDUEÑA,09D18
454,09D19C01,LA YOLITA,09D19
455,09D19C02,JUAN BAUTISTA AGUIRRE,09D19
456,09D19C03,DAULE CENTRO,09D19
457,09D19C04,LIMONAL,09D19
458,09D19C05,LA T,09D19
459,09D19C06,LAS LOJAS,09D19
460,09D19C07,SANTA LUCIA,09D19
461,09D19C08,CABUYAL,09D19
462,09D19C09,PORVENIR,09D19
463,09D19C10,NOBOL,09D19
464,09D20C01,SALITRE NORTE,09D20
465,09D20C02,SALITRE SAUCES,09D20
466,09D20C03,VERNAZA,09D20
467,09D20C04,VICTORIA,09D20
468,09D20C05,JUNQUILLAL,09D20
469,09D21C01,YAGUACHI SUR,09D21
470,09D21C02,YAGUACHI NORTE,09D21
471,09D21C03,BOLICHE,09D21
472,09D21C04,VIRGEN DE FATIMA,09D21
473,09D21C05,CONE,09D21
474,09D22C01,PLAYAS,09D22
475,09D22C02,GENERAL VILLAMIL,09D22
476,09D22C03,ENGABAO,09D22
477,09D23C01,SAMBORONDON,09D23
478,09D23C02,TARIFA,09D23
479,09D24C01,ABEL GILBERT,09D24
480,09D24C02,CENTRO,09D24
481,09D24C03,PANORAMA,09D24
482,09D24C04,LA HERRADURA,09D24
483,09D24C05,RECREO,09D24
484,09D24C06,DIVINO NIÑO,09D24
485,09D24C07,ARBOLITO,09D24
486,09D24C08,LIGA CANTONAL,09D24
487,10D01C01,ARCANGEL,10D01
488,10D01C02,CARANQUIS,10D01
489,10D01C03,LOS CEIBOS,10D01
490,10D01C04,GUAYABILLAS,10D01
491,10D01C05,COMPLEJO DEPORTIVO,10D01
492,10D01C06,LA FLORIDA,10D01
493,10D01C07,AMAZONAS,10D01
494,10D01C08,LAS RIELES,10D01
495,10D01C09,LAS LOMAS,10D01
496,10D01C10,ESTADIO,10D01
497,10D01C11,AZAYA,10D01
498,10D01C12,LAS TOTORAS,10D01
499,10D01C13,EL NOGAL,10D01
500,10D01C14,AMBUQUI,10D01
501,10D01C15,LA CAROLINA,10D01
502,10D01C16,SALINAS,10D01
503,10D01C17,LITA,10D01
504,10D01C18,GALO PLAZA,10D01
505,10D01C19,PIMAMPIRO,10D01
506,10D01C20,LAS TERMAS,10D01
507,10D01C21,ARRAYANES,10D01
508,10D01C22,BUENOS AIRES,10D01
509,10D02C01,ANDRADE MARIN,10D02
510,10D02C02,TEXTILERO,10D02
511,10D02C03,SAN ROQUE,10D02
512,10D02C04,LOS GUABOS,10D02
513,10D02C05,EL JORDAN,10D02
514,10D02C06,LOS LAGOS,10D02
515,10D02C07,LA MONTAÑA,10D02
516,10D02C08,SAN LUIS,10D02
517,10D02C09,MOJANDA,10D02
518,10D02C10,LA CASCADA,10D02
519,10D02C11,GONZALEZ,10D02
520,10D02C12,SAN PABLO,10D02
521,10D02C13,PUERTO LAGO,10D02
522,10D02C15,QUICHINCHE,10D02
523,10D02C16,SELVA ALEGRE,10D02
524,10D03C01,COTACACHI,10D03
525,10D03C02,QUIROGA,10D03
526,10D03C03,INTAG,10D03
527,10D03C04,LAS TOLAS,10D03
528,10D03C05,IMANTAG,10D03
529,10D03C06,LAS GOLONDRINAS,10D03
530,11D01C01,VILCABAMBA,11D01
531,11D01C02,YANGANA,11D01
532,11D01C03,MALACATOS,11D01
533,11D01C04,TAQUIL,11D01
534,11D01C05,ZAMORA HUAYCO,11D01
535,11D01C06,ESTEBAN GODOY,11D01
536,11D01C07,EL PARAISO,11D01
537,11D01C08,CELI ROMAN,11D01
538,11D01C09,IV CENTENARIO,11D01
539,11D01C10,TEBAIDA,11D01
540,11D01C11,LOS MOLINOS,11D01
541,11D01C12,CHONTACRUZ,11D01
542,11D01C13,SAGRARIO,11D01
543,11D01C14,EL VALLE,11D01
544,11D01C15,CLODOVEO JARAMILLO,11D01
545,11D01C16,LA BANDA,11D01
546,11D01C17,SAUCES NORTE,11D01
547,11D01C18,LA ARGELIA,11D01
548,11D01C19,CONSACOLA,11D01
549,11D01C20,SAN LUCAS,11D01
550,11D01C21,EL CISNE,11D01
551,11D02C01,EL TAMBO,11D02
552,11D02C02,CATAMAYO NORTE,11D02
553,11D02C03,CATAMAYO SAN JOSE,11D02
554,11D02C04,GUAYQUICHUMA,11D02
555,11D02C05,SAN PEDRO DE LA BENDITA,11D02
556,11D02C06,CHAGUARPAMBA,11D02
557,11D02C07,BUENAVISTA,11D02
558,11D02C08,OLMEDO,11D02
559,11D02C09,LA TINGUE,11D02
560,11D03C01,CATACOCHA,11D03
561,11D03C02,YAMANA,11D03
562,11D03C03,LAURO GUERRERO,11D03
563,11D03C04,GUACHANAMA,11D03
564,11D03C05,ORIANGA,11D03
565,11D04C01,SABANILLA,11D04
566,11D04C02,CELICA,11D04
567,11D04C03,EL ARENAL,11D04
568,11D04C04,ALAMOR,11D04
569,11D04C06,12 DE DICIEMBRE,11D04
570,11D04C07,PINDAL,11D04
571,11D05C01,JIMBURA,11D05
572,11D05C02,EL INGENIO,11D05
573,11D05C03,AMALUZA,11D05
574,11D06C01,COLAISACA,11D06
575,11D06C02,CARIAMANGA ESTE,11D06
576,11D06C03,CARIAMANGA OESTE,11D06
577,11D06C04,SANGUILLIN,11D06
578,11D06C05,LUCERO,11D06
579,11D06C06,CHANGAIMINA,11D06
580,11D06C07,GONZANAMA,11D06
581,11D06C08,NAMBACOLA,11D06
582,11D06C09,SAN ANTONIO DE LAS ARADAS,11D06
583,11D07C01,MACARA,11D07
584,11D07C02,LA VICTORIA,11D07
585,11D07C03,LA RAMA,11D07
586,11D07C04,SOZORANGA,11D07
587,11D07C05,TACAMOROS,11D07
588,11D08C01,URDANETA,11D08
589,11D08C02,SARAGURO,11D08
590,11D08C03,SAN PABLO DE TENTA,11D08
591,11D08C04,SELVA ALEGRE,11D08
592,11D08C05,SUMAYPAMBA,11D08
593,11D08C06,MANU,11D08
594,11D09C01,ZAPOTILLO,11D09
595,11D09C02,PALETILLAS,11D09
596,11D09C03,CAZADEROS,11D09
597,11D09C04,GARZAREAL,11D09
598,11D09C05,LIMONES,11D09
599,12D01C01,SAN JOSE DE JUJAN,12D01
600,12D01C02,PUERTA NEGRA,12D01
601,12D01C03,EL SALTO,12D01
602,12D01C04,BARREIROS,12D01
603,12D01C05,CENTRO,12D01
604,12D01C06,TERMINAL TERRESTRE,12D01
605,12D01C07,SABANA,12D01
606,12D01C08,UNIVERSIDAD,12D01
607,12D01C09,LA UNION,12D01
608,12D01C10,POSA DE MATE,12D01
609,12D01C11,PIMOCHA,12D01
610,12D01C12,MATA DE CACAO,12D01
611,12D01C13,CARACOL,12D01
612,12D01C14,MANTUANO,12D01
613,12D01C15,BABA,12D01
614,12D01C16,ISLA DE BEJUCAL,12D01
615,12D01C17,GUARE DE BABA,12D01
616,12D01C18,MONTALVO,12D01
617,12D01C19,LA ESMERALDA,12D01
618,12D02C01,PUEBLO VIEJO,12D02
619,12D02C02,SAN JUAN,12D02
620,12D02C03,PUERTO PECHICHE,12D02
621,12D02C04,PIJULLO,12D02
622,12D02C05,RICAURTE,12D02
623,12D02C06,CATARAMA,12D02
624,12D03C01,LA ESPERANZA,12D03
625,12D03C02,CONTROL,12D03
626,12D03C03,LA VALDRAMINA,12D03
627,12D03C04,LA MERCED,12D03
628,12D03C05,GALO PLAZA,12D03
629,12D03C06,DIVINO NIÑO,12D03
630,12D03C07,7 DE OCTUBRE,12D03
631,12D03C08,GUAYACAN,12D03
632,12D03C09,SAN CARLOS,12D03
633,12D03C10,ALEJO LASCANO,12D03
634,12D03C11,MOCACHE,12D03
635,12D03C12,AGUAS FRIAS,12D03
636,12D04C01,ZAPOTAL NUEVO,12D04
637,12D04C02,ZAPOTAL,12D04
638,12D04C03,LA ERCILIA,12D04
639,12D04C04,VENTANAS NORTE,12D04
640,12D04C05,VENTANAS CENTRO,12D04
641,12D04C06,VENTANAS SUR,12D04
642,12D04C07,QUINSALOMA,12D04
643,12D05C01,ANTONIO SOTOMAYOR,12D05
644,12D05C02,BAGATELA,12D05
645,12D05C03,SANTA MARTHA,12D05
646,12D05C04,ABRAS DE MANTEQUILLA,12D05
647,12D05C05,VINCES NORTE,12D05
648,12D05C06,VINCES SUR,12D05
649,12D05C07,AUGUSTO VALENCIA,12D05
650,12D05C08,VINCES CENTRO,12D05
651,12D05C09,BALZAR DE VINCES,12D05
652,12D05C10,JAUNECHE,12D05
653,12D05C11,PALENQUE,12D05
654,12D06C01,FUMISA,12D06
655,12D06C02,LA RESERVA,12D06
656,12D06C03,BUENA FE OESTE,12D06
657,12D06C04,BUENA FE ESTE,12D06
658,12D06C05,PATRICIA PILAR,12D06
659,12D06C06,EL VERGEL NORTE,12D06
660,12D06C07,LA NUEVA UNION,12D06
661,12D06C08,COSTA AZUL,12D06
662,12D06C09,EL VERGEL SUR,12D06
663,12D06C10,VALENCIA,12D06
664,13D01C01,COLON,13D01
665,13D01C02,NUEVO PORTOVIEJO,13D01
666,13D01C03,LOS CEREZOS,13D01
667,13D01C04,EL FLORON,13D01
668,13D01C05,SAN PABLO,13D01
669,13D01C06,PORTOVIEJO,13D01
670,13D01C07,PICOAZA,13D01
671,13D01C08,MEJIA,13D01
672,13D01C09,EL GUABITO,13D01
673,13D01C10,CRUCITA,13D01
674,13D01C11,ALAJUELA,13D01
675,13D01C12,PUEBLO NUEVO,13D01
676,13D01C13,ABDON CALDERON,13D01
677,13D01C14,SAN PLACIDO,13D01
678,13D02C01,LOS ESTEROS,13D02
679,13D02C02,LA PRADERA,13D02
680,13D02C03,RIO DE CAÑA,13D02
681,13D02C04,TARQUI,13D02
682,13D02C05,UNIVERSIDAD,13D02
683,13D02C06,MURCIELAGO,13D02
684,13D02C07,CENTRO,13D02
685,13D02C08,MARIA AUXILIADORA,13D02
686,13D02C09,MIRAFLORES,13D02
687,13D02C10,CUBA,13D02
688,13D02C11,SAN JUAN,13D02
689,13D02C12,SAN MATEO,13D02
690,13D02C13,SAN LORENZO,13D02
691,13D02C14,LA PILA,13D02
692,13D02C15,LOS BAJOS,13D02
693,13D02C16,LEONIDAS PROAÐO,13D02
694,13D02C17,LA FABRIL,13D02
695,13D02C18,LA SEQUITA,13D02
696,13D02C19,MONTECRISTI,13D02
697,13D02C20,JARAMIJO,13D02
698,13D03C01,SANCAN,13D03
699,13D03C02,SAN VICENTE,13D03
700,13D03C03,PARQUE CENTRAL,13D03
701,13D03C04,JIPIJAPA,13D03
702,13D03C05,3 DE MAYO,13D03
703,13D03C06,LA AMERICA,13D03
704,13D03C07,JULCUY,13D03
705,13D03C09,PUERTO CAYO,13D03
706,13D03C10,PEDRO PABLO GOMEZ,13D03
707,13D03C11,PUERTO LOPEZ,13D03
708,13D04C01,LODANA,13D04
709,13D04C02,SANTA ANA DE VUELTA LARGA,13D04
710,13D04C03,SANTA ANA,13D04
711,13D04C04,CHAMUCAME,13D04
712,13D04C05,AYACUCHO,13D04
713,13D04C06,HONORATO VASQUEZ,13D04
714,13D04C07,LA UNION,13D04
715,13D04C08,SAN PABLO DE PUEBLO NUEVO,13D04
716,13D04C09,SIXTO DURAN BALLEN,13D04
717,13D04C10,NOBOA,13D04
718,13D04C11,24 DE MAYO,13D04
719,13D04C12,BELLAVISTA,13D04
720,13D04C13,OLMEDO,13D04
721,13D04C14,SAN ROQUE,13D04
722,13D05C01,LA BRAMADORA,13D05
723,13D05C02,EL CHAPARRAL,13D05
724,13D05C03,EL CARMEN,13D05
725,13D05C04,EL PORVENIR,13D05
726,13D05C05,EL PARAISO LA CATORCE,13D05
727,13D05C06,SAN PEDRO DE SUMA,13D05
728,13D05C07,WILFRIDO LOOR MOREIRA,13D05
729,13D05C08,MANGA DEL CURA NORTE,13D05
730,13D05C09,MANGA DEL CURA SUR,13D05
731,13D06C01,CALCETA CENTRO,13D06
732,13D06C02,CALCETA SUR,13D06
733,13D06C03,TABLADO DEL TIGRE,13D06
734,13D06C04,QUIROGA,13D06
735,13D06C05,MEMBRILLO,13D06
736,13D06C06,JUNIN NORTE,13D06
737,13D06C07,JUNIN SUR,13D06
738,13D07C01,BEJUCO,13D07
739,13D07C02,RANCHO VIEJO,13D07
740,13D07C03,SAN ANDRES,13D07
741,13D07C04,CENTRO,13D07
742,13D07C05,SANTA RITA,13D07
743,13D07C06,TRES PUERTOS,13D07
744,13D07C07,CONVENTO,13D07
745,13D07C08,ELOY ALFARO,13D07
746,13D07C09,BOYACA,13D07
747,13D07C10,RICAURTE,13D07
748,13D07C11,SAN ANTONIO,13D07
749,13D07C12,CANUTO,13D07
750,13D07C13,BEJUQUILLO,13D07
751,13D07C14,CHIBUNGA,13D07
752,13D07C15,FLAVIO ALFARO,13D07
753,13D07C16,PALALACHE,13D07
754,13D07C17,PALANQUITA,13D07
755,13D07C18,SAN FRANCISCO DE NOVILLO,13D07
756,13D07C19,ZAPALLO,13D07
757,13D08C01,SANTA ROSA,13D08
758,13D08C02,EL DESVIO,13D08
759,13D08C03,PICHINCHA,13D08
760,13D08C04,SAN SEBASTIAN,13D08
761,13D08C05,BARRAGANETE,13D08
762,13D08C06,RIO VENDIDO,13D08
763,13D09C01,MONUMENTOS,13D09
764,13D09C02,CAMPOZANO,13D09
765,13D09C03,TIERRAS AMARILLAS,13D09
766,13D09C04,LASCANO,13D09
767,13D09C05,GUALE,13D09
768,13D09C06,CASCOL,13D09
769,13D10C01,ACHIOTE,13D10
770,13D10C02,PEDERNALES SUR,13D10
771,13D10C03,PEDERNALES NORTE,13D10
772,13D10C04,BECHE,13D10
773,13D10C05,COJIMIES,13D10
774,13D10C06,10 DE AGOSTO,13D10
775,13D10C07,ATAHUALPA,13D10
776,13D10C08,JAMA,13D10
777,13D10C09,BOCA DE BIGUA,13D10
778,13D11C01,BAHIA,13D11
779,13D11C02,LAS CORONAS,13D11
780,13D11C03,CHARAPOTO,13D11
781,13D11C04,SAN ISIDRO,13D11
782,13D11C05,SAN VICENTE,13D11
783,13D11C06,CANOA,13D11
784,13D12C01,ROCAFUERTE,13D12
785,13D12C02,DANZARIN,13D12
786,13D12C03,LA FLORIDA,13D12
787,13D12C04,JUNCO,13D12
788,13D12C05,BACHILLERO,13D12
789,14D01C01,GENERAL PROAÑO,14D01
790,14D01C02,SINAI,14D01
791,14D01C03,RIO BLANCO,14D01
792,14D01C04,9 DE OCTUBRE,14D01
793,14D01C05,MACAS,14D01
794,14D01C06,SEVILLA DON BOSCO,14D01
795,14D01C07,CUCHAENTZA,14D01
796,14D02C01,PALORA,14D02
797,14D02C02,SANGAY CENTRO,14D02
798,14D02C03,HUAMBOYA,14D02
799,14D02C04,PABLO SEXTO,14D02
800,14D03C01,HUAMBI,14D03
801,14D03C02,SUCUA,14D03
802,14D03C03,LOGROÑO,14D03
803,14D04C01,EL ROSARIO,14D04
804,14D04C02,AMAZONAS,14D04
805,14D04C04,BOMBOIZA,14D04
806,14D04C05,GUALAQUIZA,14D04
807,14D04C06,SAN JUAN BOSCO,14D04
808,14D04C07,PANANZA,14D04
809,14D05C01,MACUMA,14D05
810,14D05C02,TAISHA CENTRO,14D05
811,14D05C03,FRONTERA,14D05
812,14D06C01,INDANZA,14D06
813,14D06C02,LIMON,14D06
814,14D06C03,YUNGANZA,14D06
815,14D06C04,PATUCA,14D06
816,14D06C05,SANTIAGO DE MENDEZ,14D06
817,14D06C06,TWINTZA,14D06
818,15D01C01,ARCHIDONA,15D01
819,15D01C02,KM 24,15D01
820,15D01C03,AROSEMENA TOLA,15D01
821,15D01C04,AEROPUERTO,15D01
822,15D01C05,PALANDACOCHA,15D01
823,15D01C06,TALAG,15D01
824,15D01C07,MISAHUALLI,15D01
825,15D01C08,YURALPA,15D01
826,15D01C09,AHUANO,15D01
827,15D02C01,EL CHACO,15D02
828,15D02C02,LINARES,15D02
829,15D02C03,SAN ROSA,15D02
830,15D02C04,OYACACHI,15D02
831,15D02C05,SAN FRANCISCO DE BORJA,15D02
832,15D02C06,PAPALLACTA,15D02
833,16D01C01,PUYO SUR,16D01
834,16D01C02,PUYO NORTE,16D01
835,16D01C03,CANELOS,16D01
836,16D01C04,SARAYACU,16D01
837,16D01C05,10 DE AGOSTO,16D01
838,16D01C06,TARQUI,16D01
839,16D01C07,FATIMA,16D01
840,16D01C09,RIO TIGRE,16D01
841,16D01C10,MONTALVO,16D01
842,16D01C11,SHELL MERA,16D01
843,16D01C12,SANTA CLARA,16D01
844,16D02C01,ARAJUNO POBLADO,16D02
845,16D02C02,ARAJUNO SELVA,16D02
846,17D01C01,PACTO,17D01
847,17D01C02,GUALEA,17D01
848,17D01C03,NANEGAL,17D01
849,17D01C04,NANEGALITO,17D01
850,17D02C01,LOS LLANOS,17D02
851,17D02C02,CALDERON,17D02
852,17D02C03,SAN JUAN DE CALDERON,17D02
853,17D02C04,BELLAVISTA DE CALDERON,17D02
854,17D02C05,LADERAS DE SAN FRANCISCO,17D02
855,17D02C06,OYACOTO,17D02
856,17D02C07,CARAPUNGO,17D02
857,17D02C08,BICENTENARIO,17D02
858,17D02C09,LLANO CHICO,17D02
859,17D02C10,GUAYLLABAMBA,17D02
860,17D03C01,PUELLARO,17D03
861,17D03C02,PERUCHO,17D03
862,17D03C03,SAN JOSE DE MINAS OCCIDENTE,17D03
863,17D03C04,SAN JOSE DE MINAS ORIENTE,17D03
864,17D03C05,LA ROLDOS,17D03
865,17D03C06,COLINAS DEL NORTE,17D03
866,17D03C07,MENA DEL HIERRO,17D03
867,17D03C08,EL CONDADO,17D03
868,17D03C09,PONCIANO,17D03
869,17D03C10,SAN ANTONIO BAJO,17D03
870,17D03C11,SAN ANTONIO ALTO,17D03
871,17D03C12,NONO,17D03
872,17D03C13,COTOCOLLAO,17D03
873,17D03C14,POMASQUI,17D03
874,17D03C15,LA PAMPA,17D03
875,17D03C16,CALACALI,17D03
876,17D03C17,CARCELEN,17D03
877,17D03C18,LA BOTA,17D03
878,17D03C19,EL MIRADOR,17D03
879,17D04C01,MONJAS COLLACOTO,17D04
880,17D04C02,PUENGASI,17D04
881,17D04C03,CENTRO HISTORICO,17D04
882,17D04C04,PANECILLO,17D04
883,17D04C05,EL PLACER,17D04
884,17D04C06,SAN JUAN,17D04
885,17D04C07,LA LIBERTAD,17D04
886,17D04C08,ITCHIMBIA,17D04
887,17D05C01,AEROPUERTO,17D05
888,17D05C02,LA MARISCAL,17D05
889,17D05C03,LAS CASAS,17D05
890,17D05C04,UNIVERSITARIO,17D05
891,17D05C05,SAN ISIDRO DEL INCA,17D05
892,17D05C06,EL BOSQUE,17D05
893,17D05C07,DAMMER,17D05
894,17D05C08,KENNEDY,17D05
895,17D05C09,NAYON,17D05
896,17D05C10,IÑAQUITO,17D05
897,17D05C11,COCHAPAMBA,17D05
898,17D05C12,JIPIJAPA,17D05
899,17D05C13,ZAMBIZA,17D05
900,17D06C01,CHILIBULO,17D06
901,17D06C02,EL CALZADO,17D06
902,17D06C03,SANTA ANITA,17D06
903,17D06C04,CHIMBACALLE,17D06
904,17D06C05,ARGELIA,17D06
905,17D06C06,SOLANDA,17D06
906,17D06C07,BARRIO NUEVO,17D06
907,17D06C08,MENA,17D06
908,17D06C09,LLOA,17D06
909,17D06C10,MAGDALENA,17D06
910,17D06C11,FERROVIARIA,17D06
911,17D07C01,CHILLOGALLO,17D07
912,17D07C02,GUAMANI,17D07
913,17D07C03,LAS CUADRAS,17D07
914,17D07C04,QUITUMBE,17D07
915,17D07C05,TURUBAMBA,17D07
916,17D07C06,ECUATORIANA,17D07
917,17D08C01,CONOCOTO NORTE,17D08
918,17D08C02,CONOCOTO SUR,17D08
919,17D08C03,SANTA ROSA,17D08
920,17D08C04,PINTAG,17D08
921,17D08C05,SANTA ISABEL,17D08
922,17D08C06,AMAGUAÑA CENTRO,17D08
923,17D08C07,EL EJIDO,17D08
924,17D08C08,ALANGASI,17D08
925,17D08C09,GUANGOPOLO,17D08
926,17D08C10,LA MERCED,17D08
927,17D09C01,TUMBACO,17D09
928,17D09C02,TUMBACO SUR,17D09
929,17D09C03,VIA LACTEA,17D09
930,17D09C04,CUMBAYA SUR,17D09
931,17D09C05,PIFO,17D09
932,17D09C06,TABLON,17D09
933,17D09C07,YARUQUI,17D09
934,17D09C08,QUINCHE,17D09
935,17D09C09,PUEMBO,17D09
936,17D09C10,CHECA,17D09
937,17D09C11,TABABELA,17D09
938,17D10C01,EL PRADO,17D10
939,17D10C02,CAYAMBE NORTE,17D10
940,17D10C03,CAYAMBE SUR,17D10
941,17D10C04,CANGAGUA,17D10
942,17D10C05,CUSUBAMBA,17D10
943,17D10C06,OLMEDO,17D10
944,17D10C07,TABACUNDO,17D10
945,17D10C08,MALCHINGUI,17D10
946,17D11C01,MACHACHI SUR,17D11
947,17D11C02,MACHACHI NORTE,17D11
948,17D11C03,CUTUGLAGUA,17D11
949,17D11C04,PASOCHOA,17D11
950,17D11C05,ALOAG,17D11
951,17D11C06,TANDAPI,17D11
952,17D11C07,ILINIZAS,17D11
953,17D11C08,RURAL,17D11
954,17D11C09,MOLINUCO,17D11
955,17D11C10,RUMIÑAHUI,17D11
956,17D11C11,SAN RAFAEL,17D11
957,17D11C12,SANGOLQUI,17D11
958,17D11C13,FAJARDO,17D11
959,17D12C01,MALDONADO,17D12
960,17D12C02,PUERTO QUITO NORTE,17D12
961,17D12C03,PUERTO QUITO SUR,17D12
962,17D12C04,LOS BANCOS,17D12
963,18D01C01,MIRAFLORES,18D01
964,18D01C02,JARDIN AMBATEÑO,18D01
965,18D01C03,LA MATRIZ,18D01
966,18D01C04,ATOCHA FICOA,18D01
967,18D01C05,LA VICTORIA,18D01
968,18D01C06,INGAURCO,18D01
969,18D01C07,PASA,18D01
970,18D01C08,SAN BARTOLOME DE PINLLO,18D01
971,18D01C09,QUISAPINCHA,18D01
972,18D01C10,ATAHUALPA,18D01
973,18D01C11,CUNCHIBAMBA,18D01
974,18D01C12,IZAMBA,18D01
975,18D02C01,HUACHI EL BELEN,18D02
976,18D02C02,LETAMENDI,18D02
977,18D02C03,SAN ANTONIO,18D02
978,18D02C04,NUEVA AMBATO,18D02
979,18D02C05,TECHO PROPIO,18D02
980,18D02C06,PISHIDATA,18D02
981,18D02C07,SIMON BOLIVAR,18D02
982,18D02C08,MIÑARICA,18D02
983,18D02C09,PILAHUIN,18D02
984,18D02C10,SANTA ROSA,18D02
985,18D02C11,PICAIHUA,18D02
986,18D02C12,HUACHI GRANDE,18D02
987,18D03C01,BAÑOS,18D03
988,18D03C02,RIO NEGRO,18D03
989,18D04C01,PATATE,18D04
990,18D04C02,PELILEO GRANDE,18D04
991,18D04C03,EL TAMBO,18D04
992,18D04C04,PELILEO SUR,18D04
993,18D04C05,SALASACA,18D04
994,18D04C06,GARCIA MORENO,18D04
995,18D04C07,COTALO,18D04
996,18D05C01,PILLARO,18D05
997,18D05C02,SAN MIGUELITO,18D05
998,18D05C03,SAN ANDRES,18D05
999,18D06C01,CEVALLOS,18D06
1000,18D06C02,MOCHA,18D06
1001,18D06C03,QUERO,18D06
1002,18D06C04,RUMIPAMBA,18D06
1003,18D06C05,TISALEO,18D06
1004,19D01C01,CENTRO,19D01
1005,19D01C02,LA CHACRA,19D01
1006,19D01C03,SABANILLA,19D01
1007,19D01C05,GUADALUPE,19D01
1008,19D01C06,MANBIJA,19D01
1009,19D01C07,YACUAMBI,19D01
1010,19D01C08,LA PAZ,19D01
1011,19D01C09,TUTUPALI,19D01
1012,19D02C01,GUAYZIMI,19D02
1013,19D02C02,ZURMI,19D02
1014,19D02C03,NUEVO PASAISO,19D02
1015,19D02C04,ZUMBI,19D02
1016,19D02C05,PAQUISHA,19D02
1017,19D02C06,NUEVO QUITO,19D02
1018,19D03C01,SAN ANDRES,19D03
1019,19D03C02,LA BALSA,19D03
1020,19D03C03,ZUMBA,19D03
1021,19D03C04,CHITO,19D03
1022,19D03C05,PALANDA,19D03
1023,19D03C06,PORVENIR DEL CARMEN,19D03
1024,19D03C07,SAN FRANCISCO DEL VERGEL,19D03
1025,19D04C01,YANTZAZA,19D04
1026,19D04C02,LOS ENCUENTROS,19D04
1027,19D04C03,PANGUI,19D04
1028,19D04C04,TUNDAYME,19D04
1029,20D01C01,ISABELA,20D01
1030,20D01C02,FERNANDINA,20D01
1031,20D01C03,SAN CRISTOBAL,20D01
1032,20D01C04,PROGRESO,20D01
1033,20D01C05,BELLAVISTA,20D01
1034,20D01C06,PUERTO AYORA,20D01
1035,20D01C07,PINZON,20D01
1036,21D01C01,CASCALES,21D01
1037,21D01C02,LUMBAQUI,21D01
1038,21D01C03,LA BONITA,21D01
1039,21D02C01,NUEVO SUCUMBIOS,21D02
1040,21D02C02,EL DORADO,21D02
1041,21D02C03,PARQUE ECOLOGICO,21D02
1042,21D02C04,LAS PALMERAS,21D02
1043,21D02C05,SANTA CECILIA,21D02
1044,21D02C06,EL ENO,21D02
1045,21D02C07,PACAYACU,21D02
1046,21D02C08,GENERAL FARFAN,21D02
1047,21D03C01,TARAPOA,21D03
1048,21D03C03,PALMA ROJA,21D03
1049,21D03C04,PUERTO DEL CARMEN,21D03
1050,21D04C01,LA PRIMAVERA,21D04
1051,21D04C02,SHUSHUFINDI CENTRO,21D04
1052,21D04C03,7 DE JULIO,21D04
1053,21D04C04,PAÑACOCHA,21D04
1054,21D04C05,LIMONCOCHA,21D04
1055,22D01C01,SAN SEBASTIAN,22D01
1056,22D01C02,SAN PEDRO,22D01
1057,22D01C03,SACHAS,22D01
1058,22D01C04,POMPEYA,22D01
1059,22D02C01,24 DE MAYO,22D02
1060,22D02C02,LORETO,22D02
1061,22D02C03,PAYAMINO,22D02
1062,22D02C04,COCA ORIENTE,22D02
1063,22D02C05,COCA OCCIDENTE,22D02
1064,22D02C06,NUEVO PARAISO,22D02
1065,22D02C07,LA BELLEZA,22D02
1066,22D02C08,DAYUMA,22D02
1067,22D02C09,ALEJANDRO LABAKA,22D02
1068,22D02C10,INES ARANGO,22D02
1069,22D02C11,SAN LUIS DE ARMENIA,22D02
1070,22D03C01,AGUARICO,22D03
1071,22D03C02,NUEVO ROCAFUERTE,22D03
1072,22D03C03,RIO NAPO,22D03
1073,23D01C01,COLONIA VELASCO IBARRA,23D01
1074,23D01C02,CENTRO,23D01
1075,23D01C03,SANTA MARTHA NORTE,23D01
1076,23D01C04,SANTA MARTHA SUR,23D01
1077,23D01C05,3 DE JULIO,23D01
1078,23D01C06,UNIFICADOS,23D01
1079,23D01C07,CRISTO VIVE,23D01
1080,23D01C08,LAS MERCEDES,23D01
1081,23D01C09,EL TOACHI,23D01
1082,23D01C10,BOLIVAR,23D01
1083,23D01C11,LA LORENA,23D01
1084,23D01C12,EL ESFUERZO,23D01
1085,23D01C13,SANTA MARIA,23D01
1086,23D01C14,ALLURIQUIN,23D01
1087,23D01C15,LELIA,23D01
1088,23D01C16,LUZ DE AMERICA,23D01
1089,23D01C17,JULIO MORENO,23D01
1090,23D02C01,JUAN EULOGIO,23D02
1091,23D02C02,CHILA,23D02
1092,23D02C03,BOMBOLI,23D02
1093,23D02C04,EL COLORADO,23D02
1094,23D02C05,EL PROLETARIADO,23D02
1095,23D02C06,PLAN DE VIVIENDA,23D02
1096,23D02C07,NUEVO ISRAEL,23D02
1097,23D02C08,VALLE HERMOSO,23D02
1098,23D02C09,SAN JACINTO DEL BUA,23D02
1099,23D02C10,SAN VICENTE DE BUA,23D02
1100,23D02C11,PUERTO LIMON,23D02
1101,23D03C01,CONCORDIA NORTE,23D03
1102,23D03C02,MONTE REY,23D03
1103,23D03C03,PLAN PILOTO,23D03
1104,24D01C01,CHANDUY,24D01
1105,24D01C02,JULIO MORENO,24D01
1106,24D01C03,ATAHUALPA,24D01
1107,24D01C04,SANTA ELENA CENTRO,24D01
1108,24D01C05,SAN PABLO,24D01
1109,24D01C06,MANANTIAL,24D01
1110,24D01C07,PALMAR,24D01
1111,24D01C08,COLONCHE,24D01
1112,24D01C09,OLON,24D01
1113,24D01C10,MONTAÑITA,24D01
1114,24D02C01,LIBERTAD CENTRO,24D02
1115,24D02C02,VIRGEN DEL CARMEN,24D02
1116,24D02C03,5 DE JUNIO,24D02
1117,24D02C04,ENRIQUEZ GALLO,24D02
1118,24D02C05,SALINAS CENTRO,24D02
1119,24D02C06,SANTA ROSA,24D02
1120,24D02C07,PUERTO AGUAJE,24D02
1121,24D02C08,ANCONCITO,24D02
