#,codigo_parroquia,nombre_parroquia,codigo_canton
1,0,EL GOALTAL,403
2,10150,CUENCA,101
3,10151,BAÑOS,101
4,10152,CUMBE,101
5,10154,CHECA (JIDCAY),101
6,10155,CHIQUINTAD,101
7,10156,LLACAO,101
8,10157,MOLLETURO,101
9,10158,NULTI,101
10,10159,OCTAVIO CORDERO PALACIOS (STA. ROSA,101
11,10160,PACCHA,101
12,10161,QUINGEO,101
13,10162,RICAURTE,101
14,10163,SAN JOAQUIN,101
15,10164,SANTA ANA,101
16,10165,SAYAUSI,101
17,10166,SIDCAY,101
18,10167,SININCAY,101
19,10168,TARQUI,101
20,10169,TURI,101
21,10170,VALLE,101
22,10171,VICTORIA DEL PORTETE (IRQUIS),101
23,10250,GIRON,102
24,10251,ASUNCION,102
25,10350,GUALACEO,103
26,10353,JADAN,103
27,10354,MARIANO MORENO,103
28,10356,REMIGIO CRESPO TORAL (GULAG),103
29,10357,SAN JUAN,103
30,10358,ZHIDMAD,103
31,10359,LUIS CORDERO VEGA,103
32,10360,SIMON BOLIVAR (CAB. EN GAÑANZOL),103
33,10450,NABON,104
34,10451,COCHAPATA,104
35,10452,EL PROGRESO (CAB. EN ZHOTA),104
36,10453,LAS NIEVES (CHAYA),104
37,10550,PAUTE,105
38,10553,CHICAN (GUILLERMO ORTEGA),105
39,10554,EL CABO,105
40,10556,GUARAINAG,105
41,10559,SAN CRISTOBAL (CARLOS ORDOÑEZ LAZO),105
42,10561,TOMEBAMBA,105
43,10562,DUG DUG,105
44,10650,PUCARA,106
45,10652,SAN RAFAEL DE SHARUG,106
46,10750,SAN FERNANDO,107
47,10751,CHUMBLIN,107
48,10850,SANTA ISABEL (CHAGUARURCO),108
49,10851,ABDON CALDERON (LA UNION),108
50,10854,SAN SALVADOR DE CAÑARIBAMBA,108
51,10950,SIGSIG,109
52,10951,CUCHIL (CUTCHIL),109
53,10952,GIMA,109
54,10954,LUDO,109
55,10955,SAN BARTOLOME,109
56,10956,SAN JOSE DE RARANGA,109
57,11050,SAN FELIPE DE OÑA,110
58,11051,SUSUDEL,110
59,11150,CHORDELEG,111
60,11151,PRINCIPAL,111
61,11152,LA UNION,111
62,11250,EL PAN,112
63,11350,SEVILLA DE ORO,113
64,11351,AMALUZA,113
65,11450,GUACHAPALA,114
66,11550,CAMILO PONCE ENRIQUEZ,115
67,11551,EL CARMEN DE PIJILI,115
68,20150,GUARANDA,201
69,20151,FACUNDO VELA,201
70,20153,JULIO E. MORENO (CATANAHUAN GRANDE),201
71,20155,SALINAS,201
72,20156,SAN LORENZO,201
73,20157,SAN SIMON (YACOTO),201
74,20158,SANTA FE (SANTA FE),201
75,20159,SIMIATUG,201
76,20160,SAN LUIS DE PAMBIL,201
77,20250,CHILLANES,202
78,20251,SAN JOSE DEL TAMBO (TAMBOPAMBA),202
79,20350,SAN JOSE DE CHIMBO,203
80,20351,ASUNCION (ASANCOTO),203
81,20353,MAGDALENA (CHAPACOTO),203
82,20354,SAN SEBASTIAN,203
83,20355,TELIMBELA,203
84,20450,ECHEANDIA,204
85,20550,SAN MIGUEL,205
86,20551,BALSAPAMBA,205
87,20552,BILOVAN,205
88,20553,REGULO DE MORA,205
89,20554,SAN PABLO (SAN PABLO DE ATENAS),205
90,20555,SANTIAGO,205
91,20650,CALUMA,206
92,20750,LAS NAVES,207
93,30150,AZOGUES,301
94,30151,COJITAMBO,301
95,30153,GUAPAN,301
96,30154,JAVIER LOYOLA (CHUQUIPATA),301
97,30155,LUIS CORDERO,301
98,30158,SAN MIGUEL,301
99,30160,TADAY,301
100,30250,BIBLIAN,302
101,30251,NAZON (CAB. EN PAMPA DE DOMINGUEZ),302
102,30252,SAN FRANCISCO DE SAGEO,302
103,30253,TURUPAMBA,302
104,30254,JERUSALEN,302
105,30350,CAÑAR,303
106,30352,CHOROCOPTE,303
107,30353,GENERAL MORALES (SOCARTE),303
108,30354,GUALLETURO,303
109,30355,HONORATO VASQUEZ (TAMBO VIEJO),303
110,30356,INGAPIRCA,303
111,30357,JUNCAL,303
112,30358,SAN ANTONIO,303
113,30361,ZHUD,303
114,30363,DUCUR,303
115,30450,LA TRONCAL,304
116,30451,MANUEL J. CALLE,304
117,30452,PANCHO NEGRO,304
118,30550,EL TAMBO,305
119,30650,DELEG,306
120,30651,SOLANO,306
121,30750,SUSCAL,307
122,40150,TULCAN,401
123,40151,EL CARMELO (EL PUN),401
124,40153,JULIO ANDRADE (OREJUELA),401
125,40156,TOBAR DONOSO (LA BOCANA DE CAMUMBI),401
126,40157,TUFIÑO,401
127,40158,URBINA (TAYA),401
128,40159,EL CHICAL,401
129,40161,SANTA MARTHA DE CUBA,401
130,40250,BOLIVAR,402
131,40251,GARCIA MORENO,402
132,40252,LOS ANDES,402
133,40253,MONTE OLIVO,402
134,40255,SAN RAFAEL,402
135,40350,EL ANGEL,403
136,40352,LA LIBERTAD (ALIZO),403
137,40353,SAN ISIDRO,403
138,40450,MIRA (CHONTAHUASI),404
139,40451,CONCEPCION,404
140,40452,JIJON Y CAAMAÑO (CAB. EN RIO BLANCO,404
141,40453,JUAN MONTALVO (SAN IGNACIO DE QUIL),404
142,40550,SAN GABRIEL,405
143,40551,CRISTOBAL COLON,405
144,40552,CHITAN DE NAVARRETE,405
145,40553,FERNANDEZ SALVADOR,405
146,40554,LA PAZ,405
147,40650,HUACA,406
148,40651,MARISCAL SUCRE,406
149,50150,LATACUNGA,501
150,50151,ALAQUES (ALAQUEZ),501
151,50152,BELISARIO QUEVEDO (GUANAILIN),501
152,50153,GUAITACAMA (GUAYTACAMA),501
153,50154,JOSEGUANGO BAJO,501
154,50156,MULALO,501
155,50157,11 DE NOVIEMBRE (ILINCHISI),501
156,50158,POALO,501
157,50159,SAN JUAN DE PASTOCALLE,501
158,50161,TANICUCHI,501
159,50162,TOACASO,501
160,50250,LA MANA,502
161,50251,GUASAGANDA (CAB. EN GUASAGANDA CENT,502
162,50252,PUCAYACU,502
163,50350,EL CORAZON,503
164,50351,MORASPUNGO,503
165,50352,PINLLOPATA,503
166,50450,PUJILI,504
167,50455,LA VICTORIA,504
168,50456,PILALO,504
169,50457,TINGO,504
170,50458,ZUMBAHUA,504
171,50550,SAN MIGUEL,505
172,50551,ANTONIO JOSE HOLGUIN (SANTA LUCIA),505
173,50552,CUSUBAMBA,505
174,50553,MULALILLO,505
175,50554,MULLIQUINDIL (SANTA ANA),505
176,50555,PANSALEO,505
177,50650,SAQUISILI,506
178,50651,CANCHAGUA,506
179,50652,CHANTILIN,506
180,50653,COCHAPAMBA,506
181,50750,SIGCHOS,507
182,50751,CHUGCHILLAN,507
183,50752,ISINLIVI,507
184,60150,RIOBAMBA,601
185,60152,CALPI,601
186,60153,CUBIJIES,601
187,60155,LICAN,601
188,60156,LICTO,601
189,60157,PUNGALA,601
190,60158,PUNIN,601
191,60159,QUIMIAG,601
192,60160,SAN JUAN,601
193,60161,SAN LUIS,601
194,60250,ALAUSI,602
195,60251,ACHUPALLAS,602
196,60253,GUASUNTOS,602
197,60254,HUIGRA,602
198,60255,MULTITUD,602
199,60258,SEVILLA,602
200,60259,SIBAMBE,602
201,60350,VILLA LA UNION (CAJABAMBA),603
202,60352,COLUMBE,603
203,60353,JUAN DE VELASCO (PANGOR),603
204,60354,SANTIAGO DE QUITO (CAB. EN SAN ANTO,603
205,60450,CHAMBO,604
206,60550,CHUNCHI,605
207,60552,COMPUD,605
208,60554,LLAGOS,605
209,60650,GUAMOTE,606
210,60651,CEBADAS,606
211,60652,PALMIRA,606
212,60750,GUANO,607
213,60751,GUANANDO,607
214,60752,ILAPO,607
215,60753,LA PROVIDENCIA,607
216,60754,SAN ANDRES,607
217,60755,SAN GERARDO DE PACAICAGUAN,607
218,60756,SAN ISIDRO DE PATULU,607
219,60758,SANTA FE DE GALAN,607
220,60850,PALLATANGA,608
221,60950,PENIPE,609
222,60952,MATUS,609
223,60954,SAN ANTONIO DE BAYUSHIG,609
224,61050,CUMANDA,610
225,70150,MACHALA,701
226,70152,EL RETIRO,701
227,70250,ARENILLAS,702
228,70251,CHACRAS,702
229,70254,PALMALES,702
230,70255,CARCABON,702
231,70350,PACCHA,703
232,70351,AYAPAMBA,703
233,70352,CORDONCILLO,703
234,70353,MILAGRO,703
235,70355,SAN JUAN DE CERRO AZUL,703
236,70450,BALSAS,704
237,70451,BELLAMARIA,704
238,70550,CHILLA,705
239,70650,EL GUABO,706
240,70651,BARBONES (SUCRE),706
241,70652,LA IBERIA,706
242,70653,TENDALES (CAB. EN PUERTO TENDALES),706
243,70654,RIO BONITO,706
244,70750,HUAQUILLAS,707
245,70850,MARCABELI,708
246,70851,EL INGENIO,708
247,70950,PASAJE,709
248,70951,BUENAVISTA,709
249,70952,CASACAY,709
250,70953,LA PEAÑA,709
251,70954,PROGRESO,709
252,70955,UZHCURRUMI,709
253,70956,CAÑAQUEMADA,709
254,71050,PIÑAS,710
255,71052,LA BOCANA,710
256,71054,PIEDRAS,710
257,71055,SAN ROQUE (AMBROSIO MALDONADO),710
258,71056,SARACAY,710
259,71150,PORTOVELO,711
260,71151,CURTINCAPA,711
261,71152,MORALES,711
262,71250,SANTA ROSA,712
263,71251,BELLAVISTA,712
264,71252,JAMBELI,712
265,71253,LA AVANZADA,712
266,71254,SAN ANTONIO,712
267,71255,TORATA,712
268,71256,VICTORIA,712
269,71257,BELLAMARIA,712
270,71350,ZARUMA,713
271,71352,ARCAPAMBA,713
272,71353,GUANAZAN,713
273,71354,GUIZHAGUIÑA,713
274,71355,HUERTAS,713
275,71356,MALVAS,713
276,71357,MULUNCAY GRANDE,713
277,71358,SINSAO,713
278,71450,LA VICTORIA,714
279,71452,EL PARAISO,714
280,71453,SAN ISIDRO,714
281,80150,ESMERALDAS,801
282,80152,CAMARONES (CAB. EN SAN VICENTE),801
283,80154,CHINCA,801
284,80159,MAJUA,801
285,80163,SAN MATEO,801
286,80165,TABIAZO,801
287,80166,TACHINA,801
288,80168,VUELTA LARGA,801
289,80250,VALDEZ (LIMONES),802
290,80253,BORBON,802
291,80254,LA TOLA,802
292,80255,LUIS VARGAS TORRES (CAB. EN PLAYA D,802
293,80256,MALDONADO,802
294,80257,PAMPANAL DE BOLIVAR,802
295,80258,SAN FRANCISCO DE ONZOLE,802
296,80259,SANTO DOMINGO DE ONZOLE,802
297,80260,SELVA ALEGRE,802
298,80261,TELEMBI,802
299,80262,COLON ELOY DEL MARIA,802
300,80265,SANTA LUCIA DE LAS PEÑAS,802
301,80350,MUISNE,803
302,80352,DAULE,803
303,80354,QUINGUE (OLMEDO PERDOMO FRANCO),803
304,80355,SALIMA,803
305,80356,SAN FRANCISCO,803
306,80357,SAN GREGORIO,803
307,80358,SAN JOSE DE CHAMANGA,803
308,80450,ROSA ZARATE (QUININDE),804
309,80451,CUBE,804
310,80452,CHURA (CHANCAMA) (CAB. EN EL YERBER,804
311,80453,MALIMPIA,804
312,80454,VICHE,804
313,80455,LA UNION,804
314,80550,SAN LORENZO,805
315,80551,ALTO TAMBO (CAB EN GUADUAL),805
316,80552,ANCON (PICHANGAL) (CAB. EN PALMA RE,805
317,80553,CALDERON,805
318,80554,CARONDELET,805
319,80556,CONCEPCION,805
320,80557,MATAJE (CAB. EN SANTANDER),805
321,80559,SANTA RITA,805
322,80560,TAMBILLO,805
323,80561,TULULBI (CAB. EN RICAURTE),805
324,80562,URBINA,805
325,80650,ATACAMES,806
326,80651,LA UNION,806
327,80652,SUA (CAB. EN LA BOCANA),806
328,80653,TONCHIGUE,806
329,80654,TONSUPA,806
330,80750,RIOVERDE,807
331,80751,CHONTADURO,807
332,80752,CHUMUNDE,807
333,80753,LAGARTO,807
334,80754,MONTALVO (CAB EN HORQUETA),807
335,80755,ROCAFUERTE,807
336,80850,LA CONCORDIA,808
337,80851,MONTERREY,808
338,80852,LA VILLEGAS,808
339,80853,PLAN PILOTO,808
340,90150,GUAYAQUIL,901
341,90152,JUAN GOMEZ RENDON (PROGRESO),901
342,90153,MORRO,901
343,90156,POSORJA,901
344,90157,PUNA,901
345,90158,TENGUEL,901
346,90250,ALFREDO BAQUERIZO MORENO (JUJAN),902
347,90350,BALAO,903
348,90450,BALZAR,904
349,90550,COLIMES,905
350,90551,SAN JACINTO,905
351,90650,DAULE,906
352,90652,JUAN BAUTISTA AGUIRRE (LOS TINTOS),906
353,90653,LAUREL,906
354,90654,LIMONAL,906
355,90656,LOS LOJAS (ENRIQUE BAQUERIZO MORENO,906
356,90750,ELOY ALFARO (DURAN),907
357,90850,VELASCO IBARRA (CAB. EL EMPALME),908
358,90851,GUAYAS (PUEBLO NUEVO),908
359,90852,EL ROSARIO,908
360,90950,EL TRIUNFO,909
361,91050,MILAGRO,910
362,91051,CHOBO,910
363,91053,MARISCAL SUCRE (HUAQUES),910
364,91054,ROBERTO ASTUDILLO (CAB. EN CRUCE DE,910
365,91150,NARANJAL,911
366,91151,JESUS MARIA,911
367,91152,SAN CARLOS,911
368,91153,SANTA ROSA DE FLANDES,911
369,91154,TAURA,911
370,91250,NARANJITO,912
371,91350,PALESTINA,913
372,91450,PEDRO CARBO,914
373,91451,VALLE DE LA VIRGEN,914
374,91452,SABANILLA,914
375,91650,SAMBORONDON,916
376,91651,TARIFA,916
377,91850,SANTA LUCIA,918
378,91950,EL SALITRE (LAS RAMAS),919
379,91951,GRAL. VERNAZA (DOS ESTEROS),919
380,91952,LA VICTORIA (ÑAUZA),919
381,91953,JUNQUILLAL,919
382,92050,SAN JACINTO DE YAGUACHI,920
383,92053,GRAL. PEDRO J. MONTERO (BOLICHE),920
384,92055,YAGUACHI VIEJO (CONE),920
385,92056,VIRGEN DE FATIMA,920
386,92150,GENERAL VILLAMIL (PLAYAS),921
387,92250,SIMON BOLIVAR,922
388,92251,CRNEL. LORENZO DE GARAICOA (PEDREGA,922
389,92350,CORONEL MARCELINO MARIDUEÑA (SAN CA,923
390,92450,LOMAS DE SARGENTILLO,924
391,92550,NARCISA DE JESUS,925
392,92750,GRAL. ANTONIO ELIZALDE (BUCAY),927
393,92850,ISIDRO AYORA,928
394,100150,SAN MIGUEL DE IBARRA,1001
395,100151,AMBUQUI,1001
396,100152,ANGOCHAGUA,1001
397,100153,CAROLINA,1001
398,100154,LA ESPERANZA,1001
399,100155,LITA,1001
400,100156,SALINAS,1001
401,100157,SAN ANTONIO,1001
402,100250,ATUNTAQUI,1002
403,100251,IMBAYA (SAN LUIS DE COBUENDO),1002
404,100252,SAN FCO. DE NATABUELA,1002
405,100253,SAN JOSE DE CHALTURA,1002
406,100254,SAN ROQUE,1002
407,100350,COTACACHI,1003
408,100351,APUELA,1003
409,100352,GARCIA MORENO (LLURIMAGUA),1003
410,100353,IMANTAG,1003
411,100355,PLAZA GUTIERREZ (CALVARIO),1003
412,100356,QUIROGA,1003
413,100450,OTAVALO,1004
414,100451,DOCTOR MIGUEL EGAS CABEZAS (PEGUCHE,1004
415,100452,EUGENIO ESPEJO (CALPAQUI),1004
416,100453,GONZALEZ SUAREZ,1004
417,100455,SAN JOSE DE QUICHINCHE,1004
418,100456,SAN JUAN DE ILUMAN,1004
419,100457,SAN PABLO,1004
420,100458,SAN RAFAEL,1004
421,100550,PIMAMPIRO,1005
422,100551,CHUGA,1005
423,100553,SAN  FCO. DE SIGSIPAMBA,1005
424,100650,URCUQUI,1006
425,100651,CAHUASQUI,1006
426,100652,LA MERCED DE BUENOS AIRES,1006
427,100653,PABLO ARENAS,1006
428,100654,SAN BLAS,1006
429,100655,TUMBABIRO,1006
430,110150,LOJA,1101
431,110151,CHANTACO,1101
432,110152,CHUQUIRIBAMBA,1101
433,110153,EL CISNE,1101
434,110154,GUALEL,1101
435,110156,MALACATOS (VALLADOLID),1101
436,110157,SAN LUCAS,1101
437,110158,SAN PEDRO DE VILCABAMBA,1101
438,110159,SANTIAGO,1101
439,110160,TAQUIL (MIGUEL RIOFRIO),1101
440,110161,VILCABAMBA (VICTORIA),1101
441,110162,YANGANA (ARSENIO CASTILLO),1101
442,110163,QUINARA,1101
443,110250,CARIAMANGA,1102
444,110251,COLAISACA,1102
445,110252,EL LUCERO,1102
446,110254,SANGUILLIN,1102
447,110350,CATAMAYO (LA TOMA),1103
448,110351,EL TAMBO,1103
449,110353,SAN PEDRO DE LA BENDITA,1103
450,110354,ZAMBI,1103
451,110450,CELICA,1104
452,110451,CRUZPAMBA (CAB EN CARLOS BUSTAMANTE,1104
453,110455,POZUL (SAN JUAN DE POZUL),1104
454,110456,SABANILLA,1104
455,110550,CHAGUARPAMBA,1105
456,110551,BUENAVISTA,1105
457,110554,"AMARILLOS, BUENAVISTA, SANTA RUFINA",1105
458,110650,AMALUZA,1106
459,110651,BELLAVISTA,1106
460,110652,JIMBURA,1106
461,110653,SANTA TERESITA,1106
462,110750,GONZANAMA,1107
463,110751,CHANGAIMINA (LA LIBERTAD),1107
464,110753,NAMBACOLA,1107
465,110754,PURUNUMA (EGUIGUREN),1107
466,110756,SACAPALCA,1107
467,110850,MACARA,1108
468,110851,LARAMA,1108
469,110852,LA VICTORIA,1108
470,110853,SABIANGO (LA CAPILLA),1108
471,110950,CATACOCHA,1109
472,110952,GUACHANAMA,1109
473,110954,LAURO GUERRERO,1109
474,110956,ORIANGA,1109
475,110958,CASANGA,1109
476,110959,YAMANA,1109
477,111050,ALAMOR,1110
478,111054,MERCADILLO,1110
479,111055,VICENTINO,1110
480,111150,SARAGURO,1111
481,111151,EL PARAISO DE CELEN,1111
482,111152,EL TABLON,1111
483,111153,LLUZHAPA,1111
484,111154,MANU,1111
485,111155,SAN ANTONIO DE QUMBE (CUMBE),1111
486,111156,SAN PABLO DE TENTA,1111
487,111157,SAN SEBASTIAN DE YULUC,1111
488,111159,URDANETA (PAQUISHAPA),1111
489,111160,SUMAYPAMBA,1111
490,111250,SOZORANGA,1112
491,111252,TACAMOROS,1112
492,111350,ZAPOTILLO,1113
493,111352,GARZAREAL,1113
494,111354,PALETILLAS,1113
495,111450,PINDAL,1114
496,111452,12 DE DICIEMBRE (CAB. EN ACHIOTES),1114
497,111453,MILAGROS,1114
498,111550,QUILANGA,1115
499,111552,SAN ANTONIO DE LAS ARADAS (CAB. EN ,1115
500,111650,OLMEDO,1116
501,111651,LA TINGUE,1116
502,120150,BABAHOYO,1201
503,120152,CARACOL,1201
504,120153,FEBRES CORDERO (LAS JUNTAS),1201
505,120154,PIMOCHA,1201
506,120155,LA UNION,1201
507,120250,BABA,1202
508,120251,GUARE,1202
509,120252,ISLA DE BEJUCAL,1202
510,120350,MONTALVO,1203
511,120351,LA ESMERALDA,1203
512,120450,PUEBLOVIEJO,1204
513,120451,PUERTO PECHICHE,1204
514,120452,SAN JUAN,1204
515,120550,QUEVEDO,1205
516,120553,SAN CARLOS,1205
517,120555,LA ESPERANZA,1205
518,120650,CATARAMA,1206
519,120651,RICAURTE,1206
520,120750,VENTANAS,1207
521,120752,ZAPOTAL,1207
522,120753,CHACARITA,1207
523,120754,LOS ANGELES,1207
524,120850,VINCES,1208
525,120851,ANTONIO SOTOMAYOR (CAB. EN PLAYAS D,1208
526,120950,PALENQUE,1209
527,121050,SAN JACINTO DE BUENA FE,1210
528,121051,PATRICIA PILAR,1210
529,121150,VALENCIA,1211
530,121250,MOCACHE,1212
531,121350,QUINSALOMA,1213
532,130150,PORTOVIEJO,1301
533,130151,ABDON CALDERON (SAN FRANCISCO),1301
534,130152,ALHAJUELA (BAJO GRANDE),1301
535,130153,CRUCITA,1301
536,130154,PUEBLO NUEVO,1301
537,130155,RIOCHICO (RIO CHICO),1301
538,130156,SAN PLACIDO,1301
539,130157,CHIRIJOS,1301
540,130250,CALCETA,1302
541,130251,MEMBRILLO,1302
542,130252,QUIROGA,1302
543,130350,CHONE,1303
544,130351,BOYACA,1303
545,130352,CANUTO,1303
546,130353,CONVENTO,1303
547,130354,CHIBUNGA,1303
548,130355,ELOY ALFARO,1303
549,130356,RICAURTE,1303
550,130357,SAN ANTONIO,1303
551,130450,MANGA DEL CURA,1304
552,130451,WILFRIDO LOOR MOREIRA (MAICITO),1304
553,130452,SAN PEDRO DE SUMA,1304
554,130550,FLAVIO ALFARO,1305
555,130551,SAN FRANCISCO DE NOVILLO (CAB. EN N,1305
556,130552,ZAPALLO,1305
557,130650,JIPIJAPA,1306
558,130651,AMERICA,1306
559,130652,EL ANEGADO (CAB. EN ELOY ALFARO),1306
560,130653,JULCUY,1306
561,130654,LA UNION,1306
562,130657,PEDRO PABLO GOMEZ,1306
563,130658,PUERTO DE CAYO,1306
564,130750,JUNIN,1307
565,130850,MANTA,1308
566,130851,SAN LORENZO,1308
567,130950,MONTECRISTI,1309
568,130952,LA PILA,1309
569,131050,PAJAN,1310
570,131051,CAMPOZANO (LA PALMA DE PAJAN),1310
571,131052,CASCOL,1310
572,131053,GUALE,1310
573,131054,LASCANO,1310
574,131150,PICHINCHA,1311
575,131151,BARRAGANETE,1311
576,131152,SAN SEBASTIAN,1311
577,131250,ROCAFUERTE,1312
578,131350,SANTA ANA DE VUELTA LARGA,1313
579,131351,AYACUCHO,1313
580,131352,HONORATO VASQUEZ (CAB EN VASQUEZ),1313
581,131355,SAN PABLO (CAB EN PUEBLO NUEVO),1313
582,131450,BAHIA DE CARAQUEZ,1314
583,131453,CHARAPOTO,1314
584,131457,SAN ISIDRO,1314
585,131550,TOSAGUA,1315
586,131551,BACHILLERO,1315
587,131552,ANGEL PEDRO GILER (LA ESTANCILLA),1315
588,131650,SUCRE,1316
589,131651,BELLAVISTA,1316
590,131652,NOBOA,1316
591,131653,ARQ. SIXTO DURAN BALLEN,1316
592,131750,PEDERNALES,1317
593,131751,COJIMIES,1317
594,131752,10 DE AGOSTO,1317
595,131753,ATAHUALPA,1317
596,131850,OLMEDO,1318
597,131950,PUERTO LOPEZ,1319
598,131951,MACHALILLA,1319
599,131952,SALANGO,1319
600,132050,JAMA,1320
601,132150,JARAMIJO,1321
602,132250,SAN VICENTE,1322
603,132251,CANOA,1322
604,140150,MACAS,1401
605,140153,GENERAL PROAÑO,1401
606,140156,SAN ISIDRO,1401
607,140157,SEVILLA DON BOSCO,1401
608,140158,SINAI,1401
609,140160,ZUÑA (ZUÑAC),1401
610,140162,CUCHAENTZA,1401
611,140164,RIO BLANCO,1401
612,140250,GUALAQUIZA,1402
613,140251,AMAZONAS (ROSARIO DE CUYES),1402
614,140253,BOMBOIZA,1402
615,140254,CHIGUINDA,1402
616,140255,EL ROSARIO,1402
617,140256,NUEVA TARQUI,1402
618,140258,EL IDEAL,1402
619,140350,GRAL. LEONIDAS PLAZA GUTIERREZ,1403
620,140353,SAN ANTONIO (CAB EN SAN ANTONIO CEN,1403
621,140357,STA SUSANA DE CHIVIAZA (CAB EN CHIV,1403
622,140358,YUNGANZA (CAB EN EL ROSARIO),1403
623,140450,PALORA (METZERA),1404
624,140451,ARAPICOS,1404
625,140452,CUMANDA (CAB EN COLONIA AGRICOLA SE,1404
626,140454,SANGAY (CAB EN NAYAMANACA),1404
627,140455,16 DE AGOSTO,1404
628,140550,SANTIAGO DE MENDEZ,1405
629,140552,CHUPIANZA,1405
630,140553,PATUCA,1405
631,140554,SAN LUIS DE EL ACHO (CAB EN EL ACHO,1405
632,140556,TAYUZA,1405
633,140557,SAN FRANCISCO DE CHINIMBIMI,1405
634,140650,SUCUA,1406
635,140651,ASUNCION,1406
636,140652,HUAMBI,1406
637,140655,SANTA MARIANITA DE JESUS,1406
638,140750,HUAMBOYA,1407
639,140751,CHIGUAZA,1407
640,140850,SAN JUAN BOSCO,1408
641,140852,SAN CARLOS DE LIMON,1408
642,140854,"SAN CARLOS DE LIMON, SANTIAGO DE PA",1408
643,140950,TAISHA,1409
644,140952,MACUMA,1409
645,141050,LOGROÑO,1410
646,141052,SHIMPIS,1410
647,141150,PABLO SEXTO,1411
648,141250,SANTIAGO,1412
649,141251,SAN JOSE DE MORONA,1412
650,150150,TENA,1501
651,150151,AHUANO,1501
652,150153,CHONTAPUNTA,1501
653,150154,PANO,1501
654,150155,PUERTO MISAHUALLI,1501
655,150156,PUERTO NAPO,1501
656,150157,TALAG,1501
657,150158,SAN JUAN DE MUYUNA,1501
658,150350,ARCHIDONA,1503
659,150352,COTUNDO,1503
660,150354,SAN PABLO DE USHPAYACU,1503
661,150356,HATUN SUMAKU,1503
662,150450,EL CHACO,1504
663,150451,GONZALO DIAZ DE PINEDA (EL BOMBON),1504
664,150452,LINARES,1504
665,150454,SANTA ROSA,1504
666,150455,SARDINAS,1504
667,150750,BAEZA,1507
668,150751,COSANGA,1507
669,150752,CUYUJA,1507
670,150753,PAPALLACTA,1507
671,150754,SAN FRANCISCO DE BORJA (VIRGILIO DA,1507
672,150756,SUMACO,1507
673,150950,CARLOS JULIO AROSEMENA TOLA,1509
674,160150,PUYO,1601
675,160152,CANELOS,1601
676,160154,DIEZ DE AGOSTO,1601
677,160155,FATIMA,1601
678,160156,MONTALVO (ANDOAS),1601
679,160159,RIO TIGRE,1601
680,160161,SARAYACU,1601
681,160162,SIMON BOLIVAR (CAB. EN MUSHULLACTA),1601
682,160163,TARQUI,1601
683,160164,TENIENTE HUGO ORTIZ,1601
684,160165,VERACRUZ (INDILLAMA) (CAB. EN INDIL,1601
685,160166,EL TRIUNFO,1601
686,160250,MERA,1602
687,160251,MADRE TIERRA,1602
688,160252,SHELL,1602
689,160350,SANTA CLARA,1603
690,160351,SAN JOSE,1603
691,160450,ARAJUNO,1604
692,160451,CURARAY,1604
693,170150,QUITO,1701
694,170151,ALANGASI,1701
695,170152,AMAGUAÑA,1701
696,170154,CALACALI,1701
697,170155,CALDERON (CARAPUNGO),1701
698,170156,CONOCOTO,1701
699,170157,CUMBAYA,1701
700,170158,CHAVEZPAMBA,1701
701,170159,CHECA (CHILPA),1701
702,170160,EL QUINCHE,1701
703,170161,GUALEA,1701
704,170162,GUANGOPOLO,1701
705,170163,GUAYLLABAMBA,1701
706,170164,LA MERCED,1701
707,170165,LLANO CHICO,1701
708,170166,LLOA,1701
709,170168,NANEGAL,1701
710,170169,NANEGALITO,1701
711,170170,NAYON,1701
712,170171,NONO,1701
713,170172,PACTO,1701
714,170174,PERUCHO,1701
715,170175,PIFO,1701
716,170176,PINTAG,1701
717,170177,POMASQUI,1701
718,170178,PUELLARO,1701
719,170179,PUEMBO,1701
720,170180,SAN ANTONIO,1701
721,170181,SAN JOSE DE MINAS,1701
722,170183,TABABELA,1701
723,170184,TUMBACO,1701
724,170185,YARUQUI,1701
725,170186,ZAMBIZA,1701
726,170250,CAYAMBE,1702
727,170251,ASCAZUBI,1702
728,170252,CANGAHUA,1702
729,170253,OLMEDO (PESILLO),1702
730,170254,OTON,1702
731,170255,SANTA ROSA DE CUZUBAMBA,1702
732,170256,SAN JOSE DE AYORA,1702
733,170350,MACHACHI,1703
734,170351,ALOAG,1703
735,170352,ALOASI,1703
736,170353,CUTUGLAHUA,1703
737,170354,EL CHAUPI,1703
738,170355,MANUEL CORNEJO ASTORGA (TANDAPI),1703
739,170356,TAMBILLO,1703
740,170357,UYUMBICHO,1703
741,170450,TABACUNDO,1704
742,170451,LA ESPERANZA,1704
743,170452,MALCHINGUI,1704
744,170453,TOCACHI,1704
745,170454,TUPIGACHI,1704
746,170550,SANGOLQUI,1705
747,170551,COTOGCHOA,1705
748,170552,RUMIPAMBA,1705
749,170750,SAN MIGUEL DE LOS BANCOS,1707
750,170751,MINDO,1707
751,170850,PEDRO VICENTE MALDONADO,1708
752,170950,PUERTO QUITO,1709
753,180150,AMBATO,1801
754,180151,AMBATILLO,1801
755,180152,ATAHUALPA (CHISALATA),1801
756,180153,AUGUSTO N. MARTINEZ (MUNDUGLEO),1801
757,180154,CONSTANTINO FERNANDEZ (CAB. EN CULL,1801
758,180155,HUACHI GRANDE,1801
759,180156,IZAMBA,1801
760,180157,JUAN BENIGNO VELA,1801
761,180158,MONTALVO,1801
762,180159,PASA,1801
763,180160,PICAIGUA,1801
764,180161,PILAGUIN (PILAHUIN),1801
765,180162,QUISAPINCHA (QUIZAPINCHA),1801
766,180163,SAN BARTOLOME DE PINLLOG,1801
767,180165,SANTA ROSA,1801
768,180166,TOTORAS,1801
769,180167,CUNCHIBAMBA,1801
770,180168,UNAMUNCHO,1801
771,180250,BAÑOS DE AGUA SANTA,1802
772,180252,RIO NEGRO,1802
773,180253,RIO VERDE,1802
774,180254,ULBA,1802
775,180350,CEVALLOS,1803
776,180450,MOCHA,1804
777,180451,PINGUILI,1804
778,180550,PATATE,1805
779,180551,EL TRIUNFO,1805
780,180553,SUCRE (CAB. EN SUCRE-PATATE URCU),1805
781,180650,QUERO,1806
782,180651,RUMIPAMBA,1806
783,180652,YANAYACU - MOCHAPATA (CAB. EN YANAY,1806
784,180750,PELILEO,1807
785,180751,BENITEZ (PACHANLICA),1807
786,180752,BOLIVAR,1807
787,180753,COTALO,1807
788,180754,CHIQUICHA (CAB. EN CHIQUICHA GRANDE,1807
789,180755,EL ROSARIO (RUMICHACA),1807
790,180756,GARCIA MORENO (CHUMAQUI),1807
791,180757,GUAMBALO (HUAMBALO),1807
792,180758,SALASACA,1807
793,180850,PILLARO,1808
794,180852,EMILIO MARIA TERAN (RUMIPAMBA),1808
795,180853,MARCOS ESPINEL (CHACATA),1808
796,180854,PRESIDENTE URBINA (CHAGRAPAMBA -PAT,1808
797,180855,SAN ANDRES,1808
798,180856,SAN JOSE DE POALO,1808
799,180857,SAN MIGUELITO,1808
800,180950,TISALEO,1809
801,180951,QUINCHICOTO,1809
802,190150,ZAMORA,1901
803,190151,CUMBARATZA,1901
804,190152,GUADALUPE,1901
805,190155,SABANILLA,1901
806,190156,TIMBARA,1901
807,190158,SAN CARLOS DE LAS MINAS,1901
808,190250,ZUMBA,1902
809,190251,CHITO,1902
810,190254,LA CHONTA,1902
811,190256,PUCAPAMBA,1902
812,190350,GUAYZIMI,1903
813,190351,ZURMI,1903
814,190352,NUEVO PARAISO,1903
815,190450,28 DE MAYO (SAN JOSE DE YACUAMBI),1904
816,190451,LA PAZ,1904
817,190550,YANTZAZA (YANZATZA),1905
818,190551,CHICAÑA,1905
819,190553,LOS ENCUENTROS,1905
820,190650,EL PANGUI,1906
821,190651,EL GUISME,1906
822,190652,PACHICUTZA,1906
823,190653,TUNDAYME,1906
824,190750,ZUMBI,1907
825,190752,TRIUNFO-DORADO,1907
826,190753,PANGUINTZA,1907
827,190850,PALANDA,1908
828,190852,SAN FRANCISCO DEL VERGEL,1908
829,190853,VALLADOLID,1908
830,190854,LA CANELA,1908
831,190950,PAQUISHA,1909
832,190951,BELLAVISTA,1909
833,190952,NUEVO QUITO,1909
834,200150,PUERTO BAQUERIZO MORENO,2001
835,200151,EL PROGRESO,2001
836,200250,PUERTO VILLAMIL,2002
837,200251,TOMAS DE BERLANGA (SANTO TOMAS),2002
838,200350,PUERTO AYORA,2003
839,200351,BELLAVISTA,2003
840,200352,SANTA ROSA,2003
841,210150,NUEVA LOJA,2101
842,210152,DURENO,2101
843,210153,GENERAL FARFAN,2101
844,210155,EL ENO,2101
845,210156,PACAYACU,2101
846,210157,JAMBELI,2101
847,210158,SANTA CECILIA,2101
848,210160,10 DE AGOSTO,2101
849,210250,LUMBAQUI,2102
850,210251,EL REVENTADOR,2102
851,210252,GONZALO PIZARRO,2102
852,210350,PUERTO EL CARMEN DEL PUTUMAYO,2103
853,210351,PALMA ROJA,2103
854,210352,PUERTO BOLIVAR (PUERTO MONTUFAR),2103
855,210450,SHUSHUFINDI,2104
856,210451,LIMONCOCHA,2104
857,210452,PAÑACOCHA,2104
858,210453,SAN ROQUE (CAB. EN SAN VICENTE),2104
859,210454,SAN PEDRO DE LOS COFANES,2104
860,210455,SIETE DE JULIO,2104
861,210550,LA BONITA,2105
862,210554,SANTA BARBARA,2105
863,210650,EL DORADO DE CASCALES,2106
864,210651,SANTA ROSA DE SUCUMBIOS,2106
865,210652,SEVILLA,2106
866,210750,TARAPOA,2107
867,210752,AGUAS NEGRAS,2107
868,220150,PUERTO FRANCISCO DE ORELLANA (EL CO,2201
869,220151,DAYUMA,2201
870,220152,TARACOA (NUEVA ESPERANZA: YUCA),2201
871,220153,ALEJANDRO LABAKA,2201
872,220154,EL DORADO,2201
873,220156,GARCIA MORENO,2201
874,220157,INES ARANGO (CAB. EN WESTERN),2201
875,220158,LA BELLEZA,2201
876,220159,NUEVO PARAISO (CAB. EN UNION ),2201
877,220160,SAN JOSE DE GUAYUSA,2201
878,220161,SAN LUIS DE ARMENIA,2201
879,220250,NUEVO ROCAFUERTE,2202
880,220252,CONONACO,2202
881,220254,TIPUTINI,2202
882,220350,LA JOYA DE LOS SACHAS,2203
883,220351,ENOKANQUI,2203
884,220352,POMPEYA,2203
885,220353,SAN CARLOS,2203
886,220354,SAN SEBASTIAN DEL COCA,2203
887,220355,LAGO SAN PEDRO,2203
888,220356,RUMIPAMBA,2203
889,220357,TRES DE NOVIEMBRE,2203
890,220358,UNION MILAGREÑA,2203
891,220450,LORETO,2204
892,220451,AVILA (CAB. EN HUIRUNO),2204
893,220452,PUERTO MURIALDO,2204
894,220453,SAN JOSE DE PAYAMINO,2204
895,220454,SAN JOSE DE DAHUANO,2204
896,220455,SAN VICENTE DE HUATICOCHA,2204
897,230150,SANTO DOMINGO DE LOS COLORADOS,2301
898,230151,ALLURIQUIN,2301
899,230152,PUERTO LIMON,2301
900,230153,LUZ DE AMERICA,2301
901,230154,SAN JACINTO DEL BUA,2301
902,230155,VALLE HERMOSO,2301
903,230156,EL ESFUERZO,2301
904,230157,SANTA MARIA DEL TOACHI,2301
905,240150,SANTA ELENA,2401
906,240151,ATAHUALPA,2401
907,240152,COLONCHE,2401
908,240153,CHANDUY,2401
909,240154,MANGLARALTO,2401
910,240156,SAN JOSE DE ANCON,2401
911,240250,LA LIBERTAD,2402
912,240350,SALINAS,2403
913,240351,ANCONCITO,2403
914,240352,JOSE LUIS TAMAYO (MUEY),2403
915,900451,EL PIEDRERO,9004
